country,gdp_billions,code,total_plastic_waste_mt,main_sources,recycling_rate,per_capita_waste_kg,coastal_waste_risk,region_x,sdgi,life_expectancy,hdi,per_capita_gdp,income_group,population_millions,cropland_footprint,grazing_footprint,forest_product_footprint,carbon_footprint,fish_footprint,built_up_land,total_ecological_footprint_consumption,cropland,grazing_land,forest_land,fishing_ground,built_up_land1,total_biocapacity,ecological_deficit_or_reserve,number_of_earths_required,number_of_countries_required,region_y,happiness_score,gdp_per_capita,social_support,healthy_life_expectancy,freedom_to_make_life_choices,generosity,perceptions_of_corruption
Afghanistan,21.71,AFG,0.45,Consumer_Packaging,0.5,11.4,Low,Middle East/Central Asia,52.5,62.0,0.48,,LI,40.8,0.4,0.1,0.1,0.2,0.0,0.0,0.8,0.3,0.1,0.012981282,0.000565167,0.028232273,0.513827024,-0.287637599,0.530695582,1.559794611,South Asia,1.859,0.645,0.0,0.087,0.0,0.093,0.059
Albania,13.4,ALB,0.31,Consumer_Packaging,15.6,107.9,Medium,Other Europe,71.6,76.0,0.8,14889.0,UM,2.9,0.8,0.2,0.2,0.7,0.0,0.1,2.1,0.6,0.2,0.223326157,0.081391904,0.073005587,1.176752316,-0.894486045,1.37148542,1.760131111,Central and Eastern Europe,5.277,1.449,0.951,0.48,0.549,0.133,0.037
Algeria,227.8,DZA,1.15,Consumer_Packaging,4.3,25.9,High,Africa,71.5,76.0,0.75,11137.0,UM,45.4,0.7,0.2,0.1,1.2,0.0,0.0,2.2,0.4,0.2,0.023911707,0.007179154,0.037775208,0.663374969,-1.559593496,1.471954604,3.350998407,Middle East and North Africa,5.329,1.353,1.298,0.409,0.252,0.073,0.152
American Samoa,0.75,ASM,,,,,,,,,,,,,,,,,,,,,,,,,,,,,,,,,,,,
Andorra,4.8,AND,,,,,,,,,,,,,,,,,,,,,,,,,,,,,,,,,,,,
Angola,131.4,AGO,0.11,Consumer_Packaging,0.4,3.3,High,Africa,50.9,62.0,0.59,6304.0,LM,35.0,0.2,0.1,0.1,0.3,0.1,0.1,0.9,0.2,0.8,0.416887822,0.153498781,0.061359798,1.588191242,0.730345635,0.568028656,0.540139993,,,,,,,,
Anguilla,0.18,AIA,,,,,,,,,,,,,,,,,,,,,,,,,,,,,,,,,,,,
Antigua and Barbuda,1.24,ATG,,,,,,Central America/Caribbean,,78.0,0.79,18749.0,HI,0.1,,,,,,,2.9,,,,,,0.917277482,-2.01945766,1.944580357,3.201577712,,,,,,,,
Argentina,536.2,ARG,1.98,Consumer_Packaging,14.2,43.5,Medium,South America,72.8,75.0,0.84,22117.0,UM,46.0,0.9,0.5,0.2,1.4,0.1,0.1,3.2,1.8,1.2,0.591673397,1.527614549,0.083517167,5.231663301,2.011044922,2.13255569,0.615601233,Latin America and Caribbean,6.024,1.59,1.388,0.427,0.587,0.088,0.082
Armenia,10.88,ARM,0.28,Consumer_Packaging,9.8,94.2,Low,Middle East/Central Asia,71.1,72.0,0.76,13548.0,LM,3.0,0.7,0.2,0.3,1.1,0.0,0.1,2.3,0.4,0.3,0.098199897,0.016852624,0.052181926,0.846624546,-1.479770423,1.540439209,2.747847295,Central and Eastern Europe,5.342,1.466,1.134,0.443,0.551,0.053,0.16
Aruba,2.52,ABW,,,,,,,,,,,,,,,,,,,,,,,,,,,,,,,,,,,,
Australia,1483.0,AUS,1.67,Consumer_Packaging,13.2,64.8,Medium,Asia-Pacific,75.6,83.0,0.95,53053.0,HI,26.1,0.1,0.5,0.9,4.3,0.1,0.0,5.8,1.8,4.5,1.86199177,2.82750336,0.024586629,11.02140059,5.244362496,3.825307442,0.524165513,North America and ANZ,7.095,1.899,1.497,0.532,0.677,0.242,0.31
Austria,436.1,AUT,1.48,Industrial_Packaging,56.4,164.8,Low,EU-27,82.3,81.0,0.92,55460.0,HI,9.1,1.0,0.3,1.0,3.2,0.0,0.2,5.6,0.6,0.1,1.952259799,0.005608961,0.194412585,2.8937746,-2.732865942,3.725720621,1.944394889,Western Europe,7.097,1.927,1.382,0.535,0.63,0.191,0.31
Azerbaijan,77.91,AZE,0.99,Consumer_Packaging,18.2,96.8,Medium,Middle East/Central Asia,73.5,69.0,0.75,14692.0,UM,10.3,0.8,0.2,0.1,1.2,0.0,0.0,2.4,0.6,0.2,0.103819226,0.014091532,0.045343476,0.936954621,-1.420134343,1.56076346,2.5156917,,,,,,,,
"Bahamas, The",8.65,BHM,,,,,,,,,,,,,,,,,,,,,,,,,,,,,,,,,,,,
Bahrain,34.05,BHR,0.69,Consumer_Packaging,4.5,397.7,High,Middle East/Central Asia,64.3,79.0,0.88,49184.0,HI,1.8,0.5,0.4,0.2,6.8,0.2,0.1,8.2,0.0,0.0,0.000850806,0.418958757,0.128777746,0.555726117,-7.620475328,5.413930762,14.71264566,Middle East and North Africa,6.173,1.883,1.269,0.389,0.748,0.199,0.138
Bangladesh,186.6,BGD,1.61,Consumer_Packaging,8.4,9.7,High,Asia-Pacific,64.2,72.0,0.66,5681.0,LI,167.9,0.2,0.0,0.1,0.3,0.0,0.1,0.7,0.1,0.0,0.004829666,0.048880732,0.06535964,0.247818312,-0.422906592,0.444125333,2.706518736,South Asia,4.282,1.133,0.513,0.355,0.617,0.139,0.165
Barbados,4.28,BRB,,,,,,Central America/Caribbean,70.3,78.0,0.79,14910.0,HI,0.3,0.6,0.3,0.2,1.8,0.4,0.1,3.3,0.1,0.0,0.018580407,0.04434191,0.122920788,0.259910991,-3.054224767,2.194478898,12.75104119,,,,,,,,
Belarus,75.25,BLR,1.09,Industrial_Consumer,7.2,115.7,Low,Other Europe,76.0,72.0,0.81,18574.0,UM,9.4,1.5,0.1,1.1,1.8,0.1,0.1,4.6,1.7,0.2,1.671707099,0.017935493,0.05422402,3.702523221,-0.87572973,3.031523216,1.236522414,,,,,,,,
Belgium,527.8,BEL,1.52,Industrial_Packaging,43.2,131.2,Low,EU-27,79.7,82.0,0.94,52749.0,HI,11.7,1.4,0.4,0.8,3.6,0.1,0.4,6.7,0.4,0.1,0.282650719,0.04200406,0.412599923,1.161287077,-5.528361569,4.429599104,5.760546877,Western Europe,6.859,1.907,1.449,0.528,0.59,0.137,0.273
Belize,1.67,BLZ,,,,,,Central America/Caribbean,65.7,70.0,0.68,6122.0,UM,0.4,0.2,0.3,0.3,1.7,5.1,0.0,7.5,0.5,0.2,1.755450552,0.895603799,0.002146169,3.303245105,-4.227131211,4.986292995,2.279690449,,,,,,,,
Benin,9.24,BEN,0.09,Consumer_Packaging,0.6,7.3,High,Africa,51.2,60.0,0.53,3543.0,LI,12.8,0.4,0.0,0.2,0.3,0.2,0.0,1.1,0.4,0.0,0.17587775,0.017100718,0.039339611,0.633463684,-0.477126427,0.735385253,1.753202495,Sub-Saharan Africa,4.374,0.924,0.242,0.124,0.481,0.114,0.253
Bermuda,5.2,BMU,,,,,,North America,,79.0,,,HI,0.1,,,,,,,,,,,,,,,,,,,,,,,,
Bhutan,2.09,BTN,0.05,Consumer_Packaging,12.3,64.2,Low,Asia-Pacific,70.5,72.0,0.67,11106.0,LM,0.8,0.6,0.3,2.8,0.8,0.0,0.2,4.7,0.3,0.3,4.036194096,0.011788611,0.180000479,4.872815927,0.152248438,3.125757813,0.968755553,,,,,,,,
Bolivia,34.08,BOL,0.77,Consumer_Packaging,2.8,65.3,Low,South America,68.0,64.0,0.69,8442.0,LM,12.0,0.3,1.6,0.2,0.6,0.0,0.1,2.8,0.6,1.9,10.60588848,0.046119914,0.070951801,13.2359069,10.46337161,1.835854245,0.209470746,Latin America and Caribbean,5.684,1.24,1.187,0.329,0.648,0.103,0.06
Bosnia and Herzegovina,19.55,BIH,0.34,Consumer_Packaging,13.2,104.5,Low,Other Europe,71.7,75.0,0.78,14964.0,UM,3.2,1.1,0.4,0.7,1.8,0.3,0.0,4.3,0.8,0.3,1.058867994,0.000237759,0.038085376,2.173852297,-2.091693634,2.824462006,1.962205959,Central and Eastern Europe,5.633,1.467,1.361,0.429,0.485,0.247,0.008
Botswana,16.3,BWA,0.07,Consumer_Packaging,8.9,29.3,Low,Africa,61.4,61.0,0.69,16519.0,UM,2.4,0.3,0.3,0.2,1.3,0.0,0.0,2.2,0.1,1.9,0.645552946,0.210410777,0.033459921,2.902419861,0.680635387,1.471170615,0.765493823,Sub-Saharan Africa,3.435,1.471,1.041,0.087,0.48,0.021,0.071
Brazil,2244.0,BRA,5.96,Consumer_Packaging,1.2,28.1,Medium,South America,72.8,73.0,0.75,14739.0,UM,215.4,0.5,0.6,0.4,0.7,0.1,0.2,2.6,0.8,0.8,6.128738473,0.158958909,0.236773366,8.177126233,5.625306893,1.689705582,0.312067989,Latin America and Caribbean,6.125,1.454,1.25,0.387,0.558,0.131,0.137
British Virgin Islands,1.1,VGB,,,,,,,,,,,,,,,,,,,,,,,,,,,,,,,,,,,,
Brunei,17.43,BRN,0.12,Consumer_Packaging,8.9,269.4,High,,,,,,,,,,,,,,,,,,,,,,,,,,,,,,,
Bulgaria,55.08,BGR,1.05,Consumer_Packaging,31.5,152.3,Medium,EU-27,74.3,72.0,0.8,24490.0,UM,6.8,0.8,0.2,0.5,1.9,0.1,0.1,3.6,1.5,0.2,1.119766166,0.136829639,0.110499365,3.084292312,-0.497837046,2.371932792,1.161410462,Central and Eastern Europe,5.466,1.635,1.457,0.408,0.557,0.106,0.013
Burkina Faso,13.38,BFA,0.14,Consumer_Packaging,0.4,6.5,Low,Africa,54.5,59.0,0.45,2281.0,LI,22.1,0.3,0.1,0.3,0.1,0.0,0.0,0.9,0.3,0.1,0.203774768,0.001008903,0.022283693,0.694622433,-0.203164148,0.594475861,1.292481409,Sub-Saharan Africa,4.638,0.768,0.814,0.107,0.419,0.188,0.113
Burma,65.29,MMR,,,,,,,,,,,,,,,,,,,,,,,,,,,,,,,,,,,,
Burundi,3.04,BDI,0.21,Consumer_Packaging,0.8,17.3,Low,Africa,54.1,62.0,0.43,733.0,LI,12.6,0.3,0.1,0.2,0.0,0.0,0.0,0.6,0.2,0.1,0.007316808,0.006154334,0.049625412,0.356306547,-0.2372992,0.393060327,1.665997306,,,,,,,,
Cabo Verde,1.98,CPV,,,,,,Africa,,74.0,0.66,6629.0,LM,0.6,,,,,,,1.2,,,,,,0.437320562,-0.724858382,0.769545171,2.657498972,,,,,,,,
Cambodia,16.9,KHM,0.53,Consumer_Packaging,5.4,31.2,High,Asia-Pacific,63.8,70.0,0.59,4705.0,LI,17.2,,,,,,,1.3,,,,,,1.01194657,-0.327504084,0.886926912,1.323637724,Southeast Asia,4.393,1.025,1.024,0.283,0.768,0.176,0.051
Cameroon,32.16,CMR,0.19,Consumer_Packaging,1.2,7.0,High,Africa,55.5,60.0,0.58,3767.0,LM,27.9,0.5,0.1,0.2,0.1,0.1,0.1,1.0,0.5,0.1,0.72635079,0.060928803,0.050792785,1.426698897,0.382675283,0.691307767,0.731775721,Sub-Saharan Africa,4.973,0.965,0.871,0.118,0.405,0.144,0.059
Canada,1794.0,CAN,3.89,Packaging_Consumer,9.4,102.1,Low,North America,77.7,83.0,0.94,49516.0,HI,38.4,1.3,0.3,1.1,4.6,0.1,0.0,7.4,2.7,0.3,8.024229903,3.150398408,0.040869635,14.2410608,6.820419866,4.913630919,0.521073608,North America and ANZ,6.961,1.881,1.484,0.541,0.656,0.218,0.364
Cayman Islands,2.25,CYM,,,,,,,,,,,,,,,,,,,,,,,,,,,,,,,,,,,,
Central African Republic,1.73,CAF,0.04,Consumer_Packaging,0.2,8.1,Low,Africa,39.3,54.0,0.4,944.0,LI,5.0,0.4,0.4,0.2,0.0,0.0,0.0,1.1,0.4,0.5,5.526731194,0.0,0.023683815,6.411713946,5.294840348,0.739545909,0.174192674,,,,,,,,
Chad,15.84,TCD,0.09,Consumer_Packaging,0.1,5.4,Low,Africa,41.3,53.0,0.39,1460.0,LI,17.4,0.3,0.8,0.2,0.0,0.0,0.0,1.4,0.3,0.8,0.238273209,0.05162845,0.023336257,1.442213862,0.067589937,0.910217147,0.953134595,Sub-Saharan Africa,4.397,0.622,0.962,0.043,0.393,0.255,0.088
Chile,264.1,CHL,1.25,Consumer_Packaging,8.9,64.7,High,South America,77.8,79.0,0.86,24433.0,UM,19.3,0.6,0.5,1.0,1.6,0.1,0.1,3.8,0.3,0.4,2.038244344,0.343150417,0.118355688,3.231436235,-0.610397283,2.543897776,1.188893495,Latin America and Caribbean,6.334,1.645,1.384,0.511,0.546,0.131,0.076
China,10360.0,CHN,59.08,Packaging_Industrial,29.8,41.2,High,Asia-Pacific,72.4,78.0,0.77,18299.0,UM,,0.5,0.1,0.2,2.6,0.1,0.1,3.6,0.3,0.1,0.223058918,0.042214858,0.123909995,0.802130192,-2.816518632,2.396114421,4.511298614,East Asia,5.818,1.51,1.249,0.468,0.666,0.115,0.145
Colombia,400.1,COL,1.54,Consumer_Packaging,7.8,30.1,Medium,South America,70.1,73.0,0.75,15610.0,UM,51.5,0.6,0.7,0.1,0.5,0.0,0.1,2.0,0.5,1.1,1.895293089,0.0636728,0.066788107,3.587634761,1.610520636,1.309160379,0.55109125,Latin America and Caribbean,5.63,1.455,1.213,0.486,0.562,0.08,0.068
Comoros,0.72,COM,0.02,Consumer_Packaging,0.4,22.7,High,Africa,,63.0,0.56,2874.0,LI,0.9,,,,,,,2.0,,,,,,0.332177648,-1.652631554,1.31425573,5.975143761,Sub-Saharan Africa,3.545,0.914,0.327,0.215,0.117,0.129,0.145
"Congo, Democratic Republic of the",32.67,COD,,,,,,,,,,,,,,,,,,,,,,,,,,,,,,,,,,,,
"Congo, Republic of the",14.11,COG,,,,,,,,,,,,,,,,,,,,,,,,,,,,,,,,,,,,
Cook Islands,0.18,COK,,,,,,,,,,,,,,,,,,,,,,,,,,,,,,,,,,,,
Costa Rica,50.46,CRI,0.89,Consumer_Packaging,13.2,172.8,High,Central America/Caribbean,73.8,77.0,0.81,20976.0,UM,5.2,0.4,0.1,0.6,0.9,0.2,0.3,2.6,0.3,0.3,0.643532322,0.111495566,0.251434428,1.615101928,-0.983838933,1.720907437,1.609149748,Latin America and Caribbean,6.609,1.587,1.34,0.503,0.683,0.099,0.116
Cote d'Ivoire,33.96,CIV,,,,,,,,,,,,,,,,,,,,,,,,,,,,,,,,,,,,
Croatia,57.18,HRV,0.97,Consumer_Packaging,33.7,238.1,Medium,Other Europe,78.8,76.0,0.86,31007.0,HI,4.1,0.8,0.2,0.7,1.8,0.1,0.2,3.7,0.7,0.2,1.16326204,0.360782969,0.155072882,2.5716721,-1.140193191,2.457838376,1.443366474,Central and Eastern Europe,6.125,1.727,1.455,0.475,0.5,0.087,0.003
Cuba,77.15,CUB,,,,,,Central America/Caribbean,74.7,74.0,0.76,,UM,11.3,0.8,0.1,0.1,0.8,0.0,0.1,1.9,0.5,0.1,0.23953113,0.168781666,0.067478993,1.115083757,-0.801955759,1.269381543,1.719188809,,,,,,,,
Curacao,5.6,CUW,,,,,,,,,,,,,,,,,,,,,,,,,,,,,,,,,,,,
Cyprus,21.34,CYP,0.65,Consumer_Packaging,16.4,531.1,Medium,EU-27,74.2,81.0,0.9,41492.0,HI,1.2,,,,,,,3.2,,,,,,0.380453362,-2.808880102,2.111840158,8.382981417,Western Europe,6.13,1.824,1.224,0.58,0.455,0.104,0.05
Czech Republic,205.6,CZE,1.43,Industrial_Packaging,41.7,133.9,Low,EU-27,80.5,77.0,0.89,40707.0,HI,10.7,1.0,0.3,0.8,2.8,0.0,0.1,5.1,1.1,0.1,1.242041251,0.005852416,0.122170694,2.522005575,-2.561014389,3.365758334,2.015467378,,,,,,,,
Denmark,347.2,DNK,1.35,Packaging_Consumer,42.3,232.1,Low,EU-27,85.6,81.0,0.95,59333.0,HI,5.8,1.9,0.4,1.0,2.9,0.8,0.2,7.3,1.8,0.0,0.394444494,1.753241899,0.216036198,4.216546359,-3.069922517,4.824787924,1.728065638,Western Europe,7.586,1.949,1.548,0.537,0.734,0.208,0.525
Djibouti,1.58,DJI,0.03,Consumer_Packaging,1.1,29.7,High,Africa,50.3,62.0,0.51,5710.0,LM,1.0,1.6,0.1,0.2,0.2,0.1,0.2,2.5,0.0,0.2,0.001715099,0.234446828,0.214843062,0.633919885,-1.823461613,1.627172885,3.876485903,,,,,,,,
Dominica,0.51,DMA,,,,,,Central America/Caribbean,,73.0,0.72,12412.0,UM,0.1,,,,,,,2.7,,,,,,1.004335122,-1.682665685,1.779216966,2.67540261,,,,,,,,
Dominican Republic,64.05,DOM,1.07,Consumer_Packaging,2.8,97.6,High,Central America/Caribbean,70.8,73.0,0.77,20541.0,UM,11.1,0.5,0.1,0.1,0.9,0.1,0.1,1.8,0.3,0.1,0.157583136,0.022516128,0.111283677,0.681747314,-1.121494442,1.194029536,2.645029498,Latin America and Caribbean,5.569,1.536,1.227,0.351,0.623,0.083,0.195
Ecuador,100.5,ECU,1.11,Consumer_Packaging,4.1,61.8,High,South America,71.5,74.0,0.74,10847.0,UM,18.1,,,,,,,1.7,,,,,,1.872750572,0.19446274,1.111290394,0.896161965,Latin America and Caribbean,5.559,1.343,1.173,0.476,0.56,0.079,0.069
Egypt,284.9,EGY,2.01,Consumer_Packaging,6.5,19.3,High,Africa,68.7,70.0,0.73,12786.0,LM,106.2,,,,,,,1.5,,,,,,0.313084392,-1.139943677,0.962133017,4.641010872,Middle East and North Africa,4.17,1.377,0.972,0.326,0.467,0.038,0.25
El Salvador,25.14,SLV,,,,,,Central America/Caribbean,69.6,71.0,0.68,9062.0,LM,6.6,0.4,0.2,0.4,0.6,0.1,0.1,2.0,0.2,0.1,0.087975489,0.112063344,0.133305571,0.605743426,-1.346898576,1.292955986,3.223546337,Latin America and Caribbean,6.122,1.278,1.044,0.383,0.713,0.079,0.222
Equatorial Guinea,15.4,GNQ,,,,,,Africa,,61.0,0.6,16305.0,HI,1.5,0.2,0.0,0.5,1.0,0.1,0.0,1.8,0.1,0.1,2.025178602,0.449320242,0.026806814,2.669458685,0.841869482,1.210151373,0.68462914,,,,,,,,
Eritrea,3.87,ERI,0.05,Consumer_Packaging,0.3,13.9,High,Africa,,67.0,0.49,1800.0,LI,3.7,0.2,0.3,0.1,0.1,0.0,0.0,0.7,0.1,0.3,0.096893948,1.400901277,0.01767744,1.949389245,1.225294595,0.479464495,0.37144693,,,,,,,,
Estonia,26.36,EST,0.71,Industrial_Packaging,31.8,534.6,Low,EU-27,80.6,77.0,0.89,38353.0,HI,1.3,0.9,0.2,4.3,2.6,0.0,0.1,8.1,1.4,0.1,3.832438381,4.301283389,0.134033174,9.811607127,1.69411469,5.375056169,0.827335658,Central and Eastern Europe,6.455,1.798,1.526,0.494,0.728,0.153,0.372
Ethiopia,49.86,ETH,0.31,Consumer_Packaging,0.7,2.6,Low,Africa,58.0,65.0,0.5,2918.0,LI,120.8,0.3,0.1,0.4,0.1,0.0,0.0,0.8,0.3,0.1,0.046856067,0.002296988,0.033687634,0.449047566,-0.39188073,0.556826737,1.872693139,Sub-Saharan Africa,4.091,0.793,1.114,0.25,0.451,0.283,0.101
Falkland Islands (Islas Malvinas),0.16,FLK,,,,,,,,,,,,,,,,,,,,,,,,,,,,,,,,,,,,
Faroe Islands,2.32,FRO,,,,,,,,,,,,,,,,,,,,,,,,,,,,,,,,,,,,
Fiji,4.17,FJI,0.07,Consumer_Packaging,6.7,76.9,High,Asia-Pacific,72.9,67.0,0.73,11647.0,UM,0.9,0.8,0.2,0.7,0.9,0.2,0.1,2.8,0.5,0.1,1.346372069,0.622259519,0.14061498,2.744014775,-0.069008375,1.86266357,1.025148689,,,,,,,,
Finland,276.3,FIN,1.33,Industrial_Packaging,42.1,240.2,Low,EU-27,86.5,82.0,0.94,49686.0,HI,5.6,0.9,0.2,0.9,3.0,0.1,0.1,5.4,0.8,0.1,8.390159207,2.307201274,0.126549669,11.75105354,6.387773814,3.551334354,0.456408415,Western Europe,7.804,1.888,1.585,0.535,0.772,0.126,0.535
France,2902.0,FRA,4.98,Packaging_Consumer,27.3,73.1,Low,EU-27,81.2,82.0,0.9,47995.0,HI,65.6,1.0,0.3,0.5,2.2,0.2,0.2,4.3,1.0,0.2,0.973828654,0.111034045,0.150927203,2.458371838,-1.854753308,2.855966926,1.754464105,Western Europe,6.661,1.856,1.433,0.566,0.582,0.083,0.27
French Polynesia,7.15,PYF,,,,,,Asia-Pacific,,79.0,,,HI,0.3,,,,,,,3.7,,,,,,1.127148909,-2.59044909,2.46163433,3.298231466,,,,,,,,
Gabon,20.68,GAB,0.06,Consumer_Packaging,2.3,26.4,High,Africa,62.8,66.0,0.71,15287.0,UM,2.3,0.5,0.1,0.7,0.4,0.3,0.0,2.1,0.3,0.9,13.60587343,2.02884706,0.047333569,16.93358961,14.86912834,1.366997922,0.121915159,Sub-Saharan Africa,5.035,1.438,1.021,0.183,0.346,0.036,0.102
"Gambia, The",0.92,GMB,,,,,,,,,,,,,,,,,,,,,,,,,,,,,,,,,,,,
Georgia,16.13,GEO,0.33,Consumer_Packaging,11.2,88.3,Medium,Middle East/Central Asia,73.4,72.0,0.8,15926.0,LM,4.0,0.4,0.2,0.2,1.4,0.4,0.1,2.7,0.2,0.4,0.684855551,0.053067582,0.059808108,1.381262506,-1.274215722,1.758344063,1.922500767,Central and Eastern Europe,5.109,1.477,0.947,0.366,0.539,0.0,0.201
Germany,3820.0,DEU,6.28,Automotive_Packaging,56.1,75.6,Low,EU-27,82.2,81.0,0.94,54192.0,HI,83.9,0.9,0.2,0.5,2.7,0.1,0.2,4.5,0.6,0.1,0.69945463,0.074531266,0.178085032,1.614535735,-2.88414354,2.978832931,2.786360919,Western Europe,6.892,1.919,1.401,0.539,0.618,0.153,0.365
Ghana,35.48,GHA,0.22,Consumer_Packaging,4.5,7.0,High,Africa,63.4,64.0,0.63,5785.0,LM,32.4,0.4,0.1,0.6,0.3,0.2,0.1,1.8,0.4,0.2,0.184274182,0.046136535,0.115712303,0.923303742,-0.831974234,1.162269972,1.901084005,Sub-Saharan Africa,4.605,1.101,0.756,0.197,0.526,0.211,0.035
Gibraltar,1.85,GIB,,,,,,,,,,,,,,,,,,,,,,,,,,,,,,,,,,,,
Greece,246.4,GRC,1.45,Consumer_Packaging,21.3,139.2,Medium,EU-27,76.8,80.0,0.89,30488.0,HI,10.3,1.0,0.4,0.3,1.9,0.1,0.1,3.8,1.0,0.1,0.232627086,0.193254918,0.070193199,1.604464539,-2.175733806,2.503085601,2.356049792,Western Europe,5.931,1.708,1.247,0.535,0.248,0.008,0.097
Greenland,2.16,GRL,,,,,,,,,,,,,,,,,,,,,,,,,,,,,,,,,,,,
Grenada,0.84,GRD,,,,,,Central America/Caribbean,,75.0,0.8,15668.0,UM,0.1,,,,,,,1.8,,,,,,1.579307577,-0.197695336,1.176655297,1.125178489,,,,,,,,
Guam,4.6,GUM,,,,,,,,,,,,,,,,,,,,,,,,,,,,,,,,,,,,
Guatemala,58.3,GTM,,,,,,Central America/Caribbean,61.0,69.0,0.63,8489.0,LM,18.6,0.4,0.2,0.6,0.5,0.1,0.2,1.9,0.3,0.1,0.273859873,0.039997543,0.223395459,0.963671112,-0.930130593,1.253994459,1.965195056,Latin America and Caribbean,6.15,1.287,1.188,0.31,0.631,0.106,0.066
Guernsey,2.74,GGY,,,,,,,,,,,,,,,,,,,,,,,,,,,,,,,,,,,,
Guinea-Bissau,1.04,GNB,0.04,Consumer_Packaging,0.3,19.8,High,Africa,,60.0,0.48,2384.0,LI,2.1,0.4,0.1,0.6,0.1,0.1,0.0,1.2,0.5,0.1,0.260773538,1.434115082,0.02710898,2.243595147,1.036350302,0.799385882,0.538084978,,,,,,,,
Guinea,6.77,GIN,0.08,Consumer_Packaging,0.5,6.0,High,Africa,51.3,59.0,0.47,2595.0,LI,13.9,0.4,0.5,0.4,0.1,0.1,0.1,1.5,0.3,0.6,0.496427206,0.255151168,0.053672517,1.718858332,0.192929679,1.010404665,0.88775708,Sub-Saharan Africa,5.072,0.844,0.776,0.072,0.369,0.204,0.102
Guyana,3.14,GUY,,,,,,South America,63.9,66.0,0.71,32768.0,LM,0.8,,,,,,,3.3,,,,,,70.50741296,67.19211874,2.195245984,0.047020506,,,,,,,,
Haiti,8.92,HTI,,,,,,Central America/Caribbean,51.9,63.0,0.54,2731.0,LI,11.7,0.3,0.0,0.1,0.1,0.0,0.0,0.6,0.1,0.0,0.025123594,0.01068696,0.026237388,0.235699613,-0.355312615,0.39134301,2.50748069,,,,,,,,
Honduras,19.37,HND,,,,,,Central America/Caribbean,63.1,70.0,0.62,5773.0,LM,10.2,,,,,,,1.3,,,,,,1.651119574,0.304040667,0.891978015,0.815857875,Latin America and Caribbean,6.023,1.115,1.072,0.341,0.613,0.189,0.062
Hong Kong,292.7,HKG,,,,,,,,,,,,,,,,,,,,,,,,,,,,,,,,,,,,
Hungary,129.7,HUN,1.37,Industrial_Packaging,30.1,141.5,Low,EU-27,79.0,74.0,0.85,35069.0,HI,9.6,1.1,0.1,0.4,2.1,0.0,0.1,3.8,1.7,0.1,0.661675174,0.006552052,0.121567415,2.570671975,-1.217913853,2.508639433,1.473772564,Central and Eastern Europe,6.041,1.754,1.519,0.435,0.501,0.105,0.065
Iceland,16.2,ISL,0.57,Consumer_Packaging,55.6,1564.4,Low,,,,,,,,,,,,,,,,,,,,,,,,Western Europe,7.53,1.926,1.62,0.559,0.738,0.25,0.187
India,2048.0,IND,26.33,Consumer_Goods,11.5,19.3,High,Asia-Pacific,60.3,67.0,0.63,7159.0,LM,,0.2,0.0,0.1,0.6,0.0,0.1,1.0,0.2,0.0,0.019611683,0.026040105,0.050541898,0.342227652,-0.695400353,0.687072868,3.031981781,South Asia,4.036,1.159,0.674,0.252,0.685,0.175,0.111
Indonesia,856.1,IDN,5.85,Food_Packaging,11.8,21.3,Very_High,Asia-Pacific,69.2,68.0,0.71,12449.0,LM,279.1,0.5,0.0,0.1,0.7,0.2,0.1,1.7,0.5,0.1,0.260264262,0.338990503,0.083199367,1.227370667,-0.451258577,1.111516462,1.367662833,Southeast Asia,5.277,1.384,1.169,0.314,0.663,0.422,0.038
Iran,402.7,IRN,,,,,,,,,,,,,,,,,,,,,,,,,,,,,Middle East and North Africa,4.876,1.465,1.102,0.411,0.281,0.229,0.13
Iraq,232.2,IRQ,0.39,Consumer_Packaging,1.2,9.6,Medium,Middle East/Central Asia,62.3,70.0,0.69,10399.0,LM,42.2,0.5,0.0,0.0,1.1,0.0,0.0,1.7,0.2,0.0,0.034153036,0.001787591,0.033445512,0.314221898,-1.412524298,1.143377449,5.495308279,Middle East and North Africa,4.941,1.281,0.953,0.324,0.351,0.134,0.038
Ireland,245.8,IRL,1.29,Consumer_Packaging,31.2,257.3,Low,EU-27,80.7,82.0,0.95,106717.0,HI,5.0,0.9,0.3,0.6,2.5,0.1,0.1,4.5,0.4,0.7,0.468889103,1.379291445,0.103161886,3.109222875,-1.396207197,2.98330302,1.44905343,Western Europe,6.911,2.152,1.425,0.539,0.656,0.186,0.409
Isle of Man,4.08,IMN,,,,,,,,,,,,,,,,,,,,,,,,,,,,,,,,,,,,
Israel,305.0,ISR,1.23,Consumer_Packaging,14.5,133.7,Medium,Middle East/Central Asia,73.5,83.0,0.92,43000.0,HI,8.9,0.8,0.3,0.3,2.6,0.1,0.1,4.2,0.1,0.0,0.023786869,0.013742928,0.059185502,0.242110623,-3.918772643,2.755158868,17.18587651,Middle East and North Africa,7.473,1.833,1.521,0.577,0.569,0.124,0.158
Italy,2129.0,ITA,3.83,Packaging_Industrial,41.2,63.4,Medium,EU-27,78.3,83.0,0.9,43010.0,HI,60.3,0.8,0.3,0.5,2.0,0.2,0.1,4.0,0.4,0.1,0.340885413,0.065779728,0.091234352,0.971138877,-2.980056989,2.616312844,4.068620831,Western Europe,6.405,1.832,1.365,0.559,0.438,0.097,0.063
Jamaica,13.92,JAM,,,,,,Central America/Caribbean,69.0,71.0,0.71,10109.0,UM,3.0,0.5,0.1,0.2,0.8,0.2,0.1,1.7,0.2,0.0,0.174209502,0.112810554,0.069636626,0.554318453,-1.186022004,1.152378987,3.139604046,Latin America and Caribbean,5.703,1.305,1.329,0.411,0.587,0.079,0.039
Japan,4770.0,JPN,7.99,Packaging_Electronics,84.8,63.2,Medium,Asia-Pacific,79.6,84.0,0.93,41809.0,HI,125.6,0.4,0.1,0.2,2.9,0.3,0.1,4.0,0.1,0.0,0.348004225,0.103747578,0.077815615,0.630109766,-3.414165762,2.677946213,6.418366678,East Asia,6.129,1.825,1.396,0.622,0.556,0.009,0.207
Jersey,5.77,JEY,,,,,,,,,,,,,,,,,,,,,,,,,,,,,,,,,,,,
Jordan,36.55,JOR,0.83,Consumer_Packaging,7.8,80.6,Medium,Middle East/Central Asia,69.4,74.0,0.72,10159.0,UM,10.3,0.4,0.1,0.1,0.6,0.0,0.1,1.3,0.1,0.0,0.015913501,0.001769296,0.104159286,0.214335249,-1.089517919,0.86335578,6.083241904,Middle East and North Africa,4.12,1.292,0.98,0.438,0.517,0.056,0.173
Kazakhstan,225.6,KAZ,1.19,Industrial_Consumer,4.5,62.8,Low,Middle East/Central Asia,71.1,70.0,0.81,26125.0,UM,19.2,0.6,0.3,0.1,3.3,0.0,0.0,4.3,1.9,1.6,0.20376223,0.04793581,0.025323045,3.82386996,-0.470322658,2.843430617,1.12299651,Commonwealth of Independent States,6.144,1.664,1.491,0.389,0.628,0.136,0.149
Kenya,62.72,KEN,0.29,Consumer_Packaging,7.8,5.3,High,Africa,61.0,61.0,0.58,5192.0,LI,56.2,0.3,0.2,0.2,0.2,0.0,0.0,0.9,0.2,0.2,0.011073712,0.015018315,0.045167026,0.462795906,-0.418506561,0.583560785,1.904300483,Sub-Saharan Africa,4.487,1.051,0.881,0.19,0.418,0.291,0.055
Kiribati,0.16,KIR,0.01,Consumer_Packaging,2.1,82.4,High,,,,,,,,,,,,,,,,,,,,,,,,,,,,,,,
"Korea, North",28.0,PRK,,,,,,,,,,,,,,,,,,,,,,,,,,,,,,,,,,,,
"Korea, South",1410.0,KOR,,,,,,,,,,,,,,,,,,,,,,,,,,,,,,,,,,,,
Kosovo,5.99,KSV,0.21,Consumer_Packaging,8.9,115.7,Low,,,,,,,,,,,,,,,,,,,,,,,,Central and Eastern Europe,6.368,1.374,1.269,0.372,0.639,0.275,0.045
Kuwait,179.3,KWT,0.85,Consumer_Packaging,10.2,195.4,High,Middle East/Central Asia,64.5,79.0,0.83,43613.0,HI,4.4,0.7,0.4,0.1,6.4,0.5,0.5,8.6,0.0,0.0,0.002696897,0.285763528,0.48770005,0.807349671,-7.743805155,5.662208848,10.59163722,,,,,,,,
Kyrgyzstan,7.65,KGZ,0.25,Consumer_Packaging,4.5,37.8,Low,Middle East/Central Asia,73.7,72.0,0.69,4764.0,LI,6.7,0.5,0.2,0.0,0.6,0.0,0.1,1.5,0.5,0.5,0.098421885,0.04534529,0.073230364,1.25343204,-0.256931902,1.000098378,1.204982714,Commonwealth of Independent States,5.825,1.061,1.439,0.417,0.735,0.234,0.018
Laos,11.71,LAO,0.49,Consumer_Packaging,1.8,66.2,Medium,,,,,,,,,,,,,,,,,,,,,,,,Southeast Asia,5.111,1.232,0.853,0.257,0.715,0.185,0.162
Latvia,32.82,LVA,0.73,Industrial_Packaging,43.2,386.8,Low,EU-27,80.3,73.0,0.86,31973.0,HI,1.8,1.8,0.2,4.0,1.5,0.2,0.1,7.7,2.8,0.2,4.551672552,2.196984142,0.102247668,9.930483467,2.205903606,5.114886273,0.777865437,Central and Eastern Europe,6.213,1.737,1.505,0.405,0.58,0.107,0.071
Lebanon,47.5,LBN,0.81,Consumer_Packaging,6.4,119.1,High,Middle East/Central Asia,66.3,75.0,0.71,,UM,6.7,0.6,0.3,0.1,1.9,0.1,0.1,3.1,0.1,0.0,0.04789176,0.006245492,0.086278583,0.318992262,-2.826603856,2.082879159,9.861042076,Middle East and North Africa,2.392,1.417,0.476,0.398,0.123,0.061,0.027
Lesotho,2.46,LSO,0.05,Consumer_Packaging,0.7,23.2,Low,Africa,55.1,53.0,0.51,2599.0,LM,2.2,,,,,,,1.2,,,,,,0.723708258,-0.427347297,0.762179739,1.590496643,,,,,,,,
Liberia,2.07,LBR,0.05,Consumer_Packaging,0.2,9.7,High,Africa,49.9,61.0,0.48,1524.0,LI,5.3,0.2,0.0,0.7,0.1,0.1,0.0,1.2,0.1,0.3,1.991241595,0.256777493,0.039727176,2.731745972,1.489184417,0.822771096,0.454859847,Sub-Saharan Africa,4.042,0.628,0.644,0.141,0.471,0.219,0.071
Libya,49.34,LBY,0.37,Consumer_Packaging,0.8,53.2,High,,,,,,,,,,,,,,,,,,,,,,,,,,,,,,,
Liechtenstein,5.11,LIE,,,,,,,,,,,,,,,,,,,,,,,,,,,,,,,,,,,,
Lithuania,48.72,LTU,0.93,Industrial_Packaging,45.3,334.8,Low,EU-27,75.4,74.0,0.88,39810.0,UM,2.7,1.8,0.3,1.3,2.6,0.2,0.2,6.4,2.8,0.3,2.283057719,0.349368846,0.163432462,5.967089276,-0.461161462,4.256512594,1.077284157,Central and Eastern Europe,6.763,1.808,1.511,0.432,0.487,0.059,0.089
Luxembourg,63.93,LUX,0.61,Industrial_Packaging,48.9,957.8,Low,EU-27,75.7,83.0,0.93,120505.0,HI,0.6,0.9,0.5,1.4,8.0,0.1,0.1,11.0,0.4,0.1,0.657103758,0.000885374,0.067119396,1.228958605,-9.73044912,7.256850877,8.917637809,Western Europe,7.228,2.2,1.357,0.549,0.71,0.149,0.418
Macau,51.68,MAC,,,,,,,,,,,,,,,,,,,,,,,,,,,,,,,,,,,,
Macedonia,10.92,MKD,,,,,,,,,,,,,,,,,,,,,,,,,,,,,,,,,,,,
Madagascar,11.19,MDG,0.21,Consumer_Packaging,2.1,7.4,High,Africa,50.1,64.0,0.5,1523.0,LI,29.2,0.2,0.2,0.2,0.1,0.0,0.1,0.8,0.2,1.0,0.580164786,0.162087995,0.063442166,1.978753711,1.184725168,0.525771727,0.401277096,Sub-Saharan Africa,4.019,0.632,0.779,0.178,0.187,0.177,0.134
Malawi,4.41,MWI,0.19,Consumer_Packaging,0.5,9.7,Low,Africa,53.3,63.0,0.51,1373.0,LI,20.2,0.4,0.1,0.2,0.0,0.0,0.1,0.7,0.4,0.1,0.012361597,0.043757689,0.088266461,0.576487738,-0.147794125,0.47958846,1.256369937,Sub-Saharan Africa,3.495,0.637,0.479,0.189,0.49,0.139,0.129
Malaysia,336.9,MYS,2.31,Industrial_Consumer,24.3,70.2,High,Asia-Pacific,70.4,75.0,0.8,28180.0,UM,33.2,0.7,0.1,0.4,2.4,0.5,0.1,4.2,0.7,0.0,0.530150447,0.732839346,0.128678809,2.062303764,-2.18007516,2.809121806,2.057106716,Southeast Asia,6.012,1.665,1.155,0.385,0.659,0.222,0.122
Maldives,2.41,MDV,0.04,Consumer_Packaging,3.2,72.8,Very_High,,,,,,,,,,,,,,,,,,,,,,,,,,,,,,,
Mali,12.04,MLI,0.12,Consumer_Packaging,0.3,5.8,Low,Africa,54.1,59.0,0.43,2206.0,LI,21.5,0.3,0.4,0.1,0.1,0.0,0.1,1.0,0.4,0.5,0.433902546,0.032660782,0.052643001,1.368689788,0.367915862,0.662669674,0.731191198,Sub-Saharan Africa,4.198,0.763,0.637,0.106,0.441,0.121,0.059
Malta,10.57,MLT,0.59,Consumer_Packaging,11.2,1331.5,Medium,EU-27,76.8,83.0,0.92,46806.0,HI,0.4,,,,,,,3.7,,,,,,0.467363732,-3.254616382,2.46453598,7.963776091,Western Europe,6.3,1.841,1.468,0.547,0.671,0.2,0.143
Marshall Islands,0.18,MHL,0.01,Consumer_Packaging,1.8,168.5,High,,,,,,,,,,,,,,,,,,,,,,,,,,,,,,,
Mauritania,4.29,MRT,0.07,Consumer_Packaging,0.4,14.8,High,Africa,55.8,64.0,0.56,5927.0,LM,4.9,0.4,1.3,0.2,0.4,0.0,0.0,2.3,0.1,2.4,0.049552859,1.116999731,0.029604019,3.653577326,1.397169821,1.494096505,0.617588545,Sub-Saharan Africa,4.724,1.099,0.764,0.244,0.32,0.13,0.195
Mauritius,12.72,MUS,0.08,Consumer_Packaging,15.4,62.8,High,Africa,68.4,74.0,0.8,21450.0,UM,1.3,,,,,,,2.6,,,,,,0.675477406,-1.928109761,1.723984022,3.854440052,Sub-Saharan Africa,5.902,1.589,1.382,0.336,0.574,0.121,0.11
Mexico,1296.0,MEX,4.43,Consumer_Packaging,6.7,34.2,High,North America,70.2,70.0,0.76,19028.0,UM,131.6,0.5,0.2,0.3,1.1,0.1,0.1,2.3,0.3,0.2,0.427634638,0.132918606,0.082561173,1.202798995,-1.082430614,1.513181269,1.899926437,Latin America and Caribbean,6.33,1.55,1.169,0.389,0.632,0.086,0.115
"Micronesia, Federated States of",0.34,FSM,,,,,,,,,,,,,,,,,,,,,,,,,,,,,,,,,,,,
Moldova,7.74,MDA,0.28,Consumer_Packaging,12.3,69.7,Low,,,,,,,,,,,,,,,,,,,,,,,,Central and Eastern Europe,5.819,1.425,1.302,0.375,0.61,0.093,0.02
Monaco,6.06,MCO,,,,,,,,,,,,,,,,,,,,,,,,,,,,,,,,,,,,
Mongolia,11.73,MNG,0.47,Consumer_Packaging,0.9,141.6,Low,Asia-Pacific,63.5,71.0,0.74,11435.0,LM,3.4,0.6,4.7,0.1,2.2,0.0,0.0,7.7,0.4,6.8,6.197277782,0.074457563,0.015806037,13.51424822,5.80652981,5.10372134,0.570340154,East Asia,5.84,1.379,1.494,0.244,0.425,0.239,0.058
Montenegro,4.66,MNE,0.63,Consumer_Packaging,3.4,1004.8,Medium,Other Europe,68.8,74.0,0.83,21308.0,UM,0.6,0.5,0.4,1.1,1.3,0.1,0.3,3.7,0.0,0.3,1.925736937,0.248617634,0.27905659,2.828793864,-0.821806374,2.41727128,1.290514761,Central and Eastern Europe,5.722,1.537,1.385,0.424,0.563,0.17,0.061
Morocco,112.6,MAR,1.17,Consumer_Packaging,7.8,31.2,High,Africa,69.0,74.0,0.68,7744.0,LM,37.8,0.5,0.2,0.1,0.6,0.1,0.0,1.5,0.2,0.2,0.084511722,0.065308994,0.031137202,0.565398289,-0.979869888,1.02321047,2.733061291,Middle East and North Africa,4.903,1.236,0.535,0.337,0.54,0.013,0.085
Mozambique,16.59,MOZ,0.17,Consumer_Packaging,0.9,5.3,High,Africa,53.6,59.0,0.45,1232.0,LI,33.1,0.2,0.1,0.2,0.2,0.0,0.0,0.8,0.2,0.6,0.433448963,0.12872671,0.047797027,1.385576072,0.614345946,0.510675591,0.55661334,Sub-Saharan Africa,4.954,0.57,0.885,0.0,0.625,0.161,0.192
Namibia,13.11,NAM,0.09,Consumer_Packaging,12.3,35.1,High,Africa,62.7,59.0,0.62,8949.0,UM,2.6,0.3,0.8,0.3,0.9,0.0,0.0,2.4,0.1,1.4,0.289487076,4.240215963,0.018877714,6.122942025,3.737652781,1.579436478,0.389565871,Sub-Saharan Africa,4.631,1.289,1.126,0.145,0.383,0.069,0.071
Nepal,19.64,NPL,0.38,Consumer_Packaging,5.6,12.8,Low,Asia-Pacific,66.2,68.0,0.6,3921.0,LI,30.2,0.3,0.1,0.2,0.3,0.0,0.1,0.9,0.2,0.0,0.086229445,0.004625979,0.100555424,0.390028925,-0.51042717,0.596243498,2.308690555,South Asia,5.36,0.979,1.027,0.281,0.567,0.215,0.104
Netherlands,880.4,NLD,1.78,Industrial_Packaging,55.9,102.8,Low,EU-27,79.9,81.0,0.94,58732.0,HI,17.2,,,,,,,6.0,,,,,,1.113508517,-4.908468884,3.987495773,5.408110768,Western Europe,7.403,1.942,1.488,0.545,0.672,0.251,0.394
New Caledonia,11.1,NCL,0.04,Consumer_Packaging,23.4,138.6,High,,,,,,,,,,,,,,,,,,,,,,,,,,,,,,,
New Zealand,201.0,NZL,,,,,,Asia-Pacific,78.3,82.0,0.94,43178.0,HI,4.9,,,,,,,5.4,,,,,,8.447231686,3.021001811,3.593017251,0.642367828,North America and ANZ,7.123,1.842,1.544,0.513,0.672,0.23,0.471
Nicaragua,11.85,NIC,,,,,,Central America/Caribbean,67.1,74.0,0.67,6056.0,LM,6.8,0.5,0.2,0.4,0.4,0.0,0.1,1.5,0.6,0.5,0.696956617,0.426086185,0.09010544,2.310417773,0.816845391,0.988979727,0.646451218,Latin America and Caribbean,6.259,1.109,1.292,0.385,0.66,0.148,0.218
Nigeria,594.3,NGA,1.53,Consumer_Packaging,2.1,7.3,High,Africa,54.2,53.0,0.54,5013.0,LM,216.7,0.3,0.1,0.2,0.2,0.0,0.0,0.8,0.3,0.1,0.033039166,0.01450929,0.047224406,0.446354238,-0.354981077,0.530609959,1.795290033,Sub-Saharan Africa,4.981,1.065,1.007,0.092,0.448,0.176,0.013
Niger,8.29,NER,0.11,Consumer_Packaging,0.2,4.4,Low,Africa,52.2,62.0,0.4,1229.0,LI,26.1,0.7,0.3,0.2,0.1,0.0,0.0,1.4,0.7,0.3,0.030725086,0.000422347,0.013122162,1.074301895,-0.276005627,0.894115866,1.256916262,Sub-Saharan Africa,4.501,0.561,0.628,0.137,0.54,0.154,0.14
Niue,0.01,NIU,,,,,,,,,,,,,,,,,,,,,,,,,,,,,,,,,,,,
Northern Mariana Islands,1.23,MNP,,,,,,,,,,,,,,,,,,,,,,,,,,,,,,,,,,,,
Norway,511.6,NOR,1.31,Industrial_Packaging,44.5,243.1,Low,Other Europe,82.3,83.0,0.96,66643.0,HI,5.5,0.9,0.1,0.8,2.6,0.9,0.1,5.4,0.2,0.1,3.439090343,2.879183276,0.1350639,6.747554557,1.348820882,3.574810445,0.800102264,Western Europe,7.315,1.994,1.521,0.544,0.752,0.212,0.463
Oman,80.54,OMN,0.79,Consumer_Packaging,3.2,151.9,High,Middle East/Central Asia,69.2,73.0,0.82,30222.0,HI,5.3,0.7,0.3,0.1,4.9,0.8,0.5,7.3,0.1,0.0,0.001006289,1.181415343,0.51744752,1.801254966,-5.480212207,4.82147601,4.042441137,,,,,,,,
Pakistan,237.5,PAK,1.59,Consumer_Packaging,3.2,7.1,High,Asia-Pacific,59.3,66.0,0.54,5542.0,LM,229.5,0.3,0.0,0.1,0.3,0.0,0.0,0.7,0.3,0.0,0.016762376,0.027482753,0.044070495,0.361549059,-0.368417693,0.48335275,2.018997791,South Asia,4.555,1.081,0.657,0.158,0.511,0.141,0.102
Palau,0.65,PLW,0.01,Consumer_Packaging,12.3,437.2,High,,,,,,,,,,,,,,,,,,,,,,,,,,,,,,,
Panama,44.69,PAN,0.87,Consumer_Packaging,5.4,198.6,High,Central America/Caribbean,64.0,76.0,0.81,30907.0,UM,4.4,0.6,0.4,0.2,0.8,0.4,0.1,2.3,0.3,0.4,1.323250976,0.528577331,0.081230734,2.627580918,0.307799378,1.53606008,0.882858269,Latin America and Caribbean,6.265,1.714,1.402,0.475,0.63,0.065,0.036
Papua New Guinea,16.1,PNG,0.15,Consumer_Packaging,1.2,16.5,High,Asia-Pacific,53.6,65.0,0.56,3682.0,LM,9.3,0.2,0.0,0.3,0.2,0.2,0.2,1.2,0.2,0.0,1.954178013,0.519162506,0.169813039,2.900181196,1.745338463,0.764687446,0.398196752,,,,,,,,
Paraguay,31.3,PRY,0.75,Consumer_Packaging,4.1,104.2,Low,South America,67.4,70.0,0.72,12359.0,LM,7.3,0.7,0.8,0.9,0.7,0.0,0.1,3.2,1.9,2.3,5.336883702,0.051431432,0.109623515,9.647940739,6.497611479,2.086013243,0.32652867,Latin America and Caribbean,5.738,1.428,1.427,0.392,0.678,0.148,0.062
Peru,208.2,PER,1.21,Consumer_Packaging,2.3,36.4,High,South America,71.9,72.0,0.76,12878.0,UM,33.7,0.6,0.5,0.1,0.5,0.4,0.1,2.2,0.5,0.5,2.351926112,0.180927444,0.094338937,3.546836383,1.3089486,1.481833538,0.630953205,Latin America and Caribbean,5.526,1.39,1.153,0.499,0.549,0.073,0.027
Philippines,284.6,PHL,1.63,Food_Packaging,9.1,14.8,Very_High,Asia-Pacific,66.6,69.0,0.7,8768.0,LM,112.5,0.3,0.0,0.1,0.5,0.2,0.1,1.2,0.2,0.0,0.071795096,0.057197699,0.067062712,0.402745802,-0.77663592,0.780936114,2.928352614,Southeast Asia,5.523,1.238,1.108,0.286,0.714,0.104,0.141
Poland,552.2,POL,2.21,Packaging_Industrial,34.5,58.3,Low,EU-27,80.5,76.0,0.88,35703.0,HI,37.7,1.0,0.0,0.8,2.6,0.1,0.1,4.6,1.0,0.1,0.684798759,0.105937226,0.123989819,2.016241672,-2.632431214,3.078152283,2.305612938,Central and Eastern Europe,6.26,1.767,1.474,0.477,0.511,0.12,0.139
Portugal,228.2,PRT,1.39,Consumer_Packaging,31.2,135.8,Medium,EU-27,79.2,81.0,0.87,34950.0,HI,10.1,0.8,0.4,0.4,1.6,0.4,0.1,3.7,0.3,0.2,0.835073402,0.075106238,0.062307541,1.478047303,-2.241348574,2.462824809,2.516425468,Western Europe,5.968,1.758,1.356,0.537,0.693,0.031,0.037
Puerto Rico,93.52,PRI,,,,,,,,,,,,,,,,,,,,,,,,,,,,,,,,,,,,
Qatar,212.0,QAT,0.55,Consumer_Packaging,8.9,188.7,High,Middle East/Central Asia,66.8,79.0,0.86,96605.0,HI,3.0,0.7,0.3,0.2,11.6,0.2,0.1,13.1,0.0,0.0,0.0,0.902741632,0.116206201,1.03899563,-12.08733856,8.691696866,12.63367603,,,,,,,,
Romania,199.0,ROU,1.41,Consumer_Packaging,13.8,73.4,Medium,EU-27,77.7,73.0,0.82,31367.0,UM,19.0,0.6,0.1,0.5,1.4,0.0,0.1,2.7,0.9,0.2,1.078524771,0.101551682,0.103657575,2.450628155,-0.287037123,1.812764811,1.117127979,Central and Eastern Europe,6.589,1.726,1.28,0.423,0.631,0.044,0.0
Russia,2057.0,RUS,5.84,Industrial_Consumer,5.6,40.2,Medium,,,,,,,,,,,,,,,,,,,,,,,,Central and Eastern Europe,5.661,1.68,1.383,0.366,0.449,0.12,0.091
Rwanda,8.0,RWA,0.23,Consumer_Packaging,11.2,17.4,Low,Africa,59.4,66.0,0.53,2405.0,LI,13.6,0.2,0.0,0.2,0.1,0.0,0.0,0.6,0.2,0.0,0.00673208,0.00447253,0.038914646,0.243488781,-0.31054098,0.366854802,2.275381063,,,,,,,,
Saint Kitts and Nevis,0.81,KNA,,,,,,,,,,,,,,,,,,,,,,,,,,,,,,,,,,,,
Saint Lucia,1.35,LCA,,,,,,Central America/Caribbean,,71.0,0.72,14140.0,UM,0.2,0.5,0.1,0.1,0.9,0.2,0.0,1.7,0.1,0.0,0.095920288,0.144040383,0.002131223,0.376356935,-1.335471567,1.13349959,4.548417589,,,,,,,,
Saint Martin,0.56,MAF,,,,,,,,,,,,,,,,,,,,,,,,,,,,,,,,,,,,
Saint Pierre and Miquelon,0.22,SPM,,,,,,,,,,,,,,,,,,,,,,,,,,,,,,,,,,,,
Saint Vincent and the Grenadines,0.75,VCT,,,,,,,,,,,,,,,,,,,,,,,,,,,,,,,,,,,,
Samoa,0.83,WSM,0.01,Consumer_Packaging,4.5,49.8,High,Asia-Pacific,0.0,73.0,0.71,5084.0,LM,0.2,,,,,,,2.5,,,,,,1.662282108,-0.82147034,1.644634599,1.494182267,,,,,,,,
San Marino,1.86,SMR,,,,,,,,,,,,,,,,,,,,,,,,,,,,,,,,,,,,
Sao Tome and Principe,0.36,STP,0.01,Consumer_Packaging,0.8,45.2,High,Africa,59.4,68.0,0.62,4010.0,LM,0.2,,,,,,,1.1,,,,,,0.700090513,-0.351779258,0.696503156,1.502476825,,,,,,,,
Saudi Arabia,777.9,SAU,1.65,Consumer_Packaging,4.5,46.9,Medium,Middle East/Central Asia,66.6,77.0,0.88,47423.0,HI,35.8,0.8,0.2,0.2,4.5,0.1,0.0,5.7,0.4,0.1,0.049429421,0.140564155,0.043026058,0.697532479,-5.047947389,3.804410937,8.23686358,Middle East and North Africa,6.463,1.861,1.37,0.351,0.682,0.093,0.17
Senegal,15.88,SEN,0.16,Consumer_Packaging,1.8,9.4,High,Africa,58.7,67.0,0.51,3505.0,LM,17.7,0.5,0.2,0.2,0.2,0.1,0.0,1.2,0.3,0.1,0.345240162,0.137812508,0.044698919,1.000162642,-0.219361335,0.807516598,1.219325663,Sub-Saharan Africa,4.855,0.943,0.727,0.231,0.519,0.142,0.06
Serbia,42.65,SRB,,,,,,Other Europe,75.9,73.0,0.8,20474.0,UM,8.7,1.0,0.1,0.6,2.0,0.0,0.1,3.8,1.3,0.0,0.550451908,0.004598381,0.111434224,2.054991936,-1.775586759,2.536445314,1.864035877,Central and Eastern Europe,6.144,1.552,1.343,0.424,0.617,0.246,0.081
Seychelles,1.47,SYC,0.01,Consumer_Packaging,18.9,101.2,High,,,,,,,,,,,,,,,,,,,,,,,,,,,,,,,
Sierra Leone,5.41,SLE,0.06,Consumer_Packaging,0.4,7.3,High,Africa,53.0,60.0,0.48,1677.0,LI,8.3,0.5,0.1,0.3,0.1,0.1,0.0,1.0,0.4,0.2,0.114758269,0.157742667,0.033035202,0.921573084,-0.124702882,0.692799178,1.135315239,Sub-Saharan Africa,3.138,0.67,0.54,0.092,0.371,0.193,0.051
Singapore,307.9,SGP,1.27,Industrial_Packaging,59.8,217.9,Medium,Asia-Pacific,71.7,83.0,0.94,112699.0,HI,5.9,0.6,0.3,0.0,4.4,0.4,0.1,5.7,0.0,0.0,0.002074859,0.012136597,0.089583924,0.104126803,-5.633904237,3.799478642,55.10618678,Southeast Asia,6.587,2.168,1.354,0.607,0.66,0.17,0.561
Sint Maarten,304.1,SXM,,,,,,,,,,,,,,,,,,,,,,,,,,,,,,,,,,,,
Slovakia,99.75,SVK,1.13,Industrial_Packaging,38.9,207.1,Low,EU-27,78.7,75.0,0.85,33079.0,HI,5.5,0.8,0.2,0.6,2.4,0.0,0.1,4.2,0.9,0.1,1.526890059,0.006210991,0.117204922,2.665671799,-1.493307176,2.753897928,1.560199187,Central and Eastern Europe,6.469,1.731,1.544,0.472,0.494,0.128,0.022
Slovenia,49.93,SVN,0.91,Industrial_Packaging,42.1,436.5,Low,EU-27,,81.0,0.92,41570.0,HI,2.1,0.7,0.2,1.3,2.4,0.1,0.1,4.8,0.4,0.2,1.85220056,0.005133365,0.078533372,2.485838691,-2.296160244,3.166435088,1.923696397,Central and Eastern Europe,6.65,1.815,1.539,0.532,0.707,0.144,0.113
Solomon Islands,1.16,SLB,0.03,Consumer_Packaging,0.8,42.9,High,Asia-Pacific,0.0,70.0,0.56,2043.0,LI,0.7,,,,,,,1.7,,,,,,3.324442199,1.65949821,1.102454672,0.500819052,,,,,,,,
Somalia,2.37,SOM,0.33,Consumer_Packaging,0.1,20.4,High,Africa,45.6,55.0,,1132.0,LI,16.8,0.2,0.3,0.4,0.0,0.0,0.0,0.9,0.1,0.3,0.116078143,0.196020781,0.017672179,0.712411364,-0.17897815,0.590239996,1.251228657,,,,,,,,
South Africa,341.2,ZAF,1.58,Consumer_Packaging,18.9,26.4,Medium,Africa,63.7,62.0,0.71,13157.0,UM,60.8,0.6,0.1,0.2,2.2,0.1,0.1,3.2,0.5,0.5,0.031594415,0.150192177,0.050031339,1.275586245,-1.937300307,2.127436006,2.518752898,Sub-Saharan Africa,5.275,1.417,1.428,0.149,0.464,0.09,0.019
South Sudan,11.89,SSD,,,,,,Africa,39.0,55.0,0.39,794.0,LM,11.6,0.3,1.1,0.2,0.1,0.0,0.0,1.7,0.3,1.1,0.363152422,0.006688914,0.023624027,1.782236013,0.11319203,1.105169512,0.936488754,,,,,,,,
Spain,1400.0,ESP,2.58,Consumer_Packaging,37.8,54.9,Medium,EU-27,79.9,83.0,0.91,39753.0,HI,46.7,1.2,0.2,0.2,1.8,0.5,0.1,3.9,1.1,0.1,0.411346213,0.060670944,0.057379487,1.72215542,-2.193410924,2.592720499,2.273642842,Western Europe,6.436,1.798,1.491,0.567,0.533,0.101,0.157
Sri Lanka,71.57,LKA,1.01,Consumer_Packaging,29.8,46.7,High,,,,,,,,,,,,,,,,,,,,,,,,South Asia,4.442,1.422,1.224,0.426,0.539,0.12,0.086
Sudan,70.03,SDN,0.35,Consumer_Packaging,0.4,7.9,Medium,Africa,49.6,65.0,0.51,3804.0,LM,46.0,0.3,0.5,0.1,0.2,0.0,0.0,1.1,0.4,0.5,0.218923148,0.018979283,0.019533009,1.131661469,-0.010194273,0.756088016,1.009008236,,,,,,,,
Suriname,5.27,SUR,,,,,,South America,71.6,70.0,0.73,14818.0,UM,0.6,0.3,0.0,0.9,1.7,0.1,0.1,3.1,0.3,0.0,67.94996108,6.479268601,0.103943459,74.83845211,71.69935685,2.078574567,0.041944952,,,,,,,,
Swaziland,3.84,SWZ,,,,,,,,,,,,,,,,,,,,,,,,,,,,,,,,,,,,
Sweden,559.1,SWE,1.51,Packaging_Industrial,50.6,146.3,Low,EU-27,85.2,83.0,0.95,53897.0,HI,10.2,1.0,0.3,1.3,2.1,0.1,0.2,4.9,0.7,0.1,5.523063853,2.011729656,0.186263431,8.51950749,3.581579343,3.269684741,0.579602536,Western Europe,7.395,1.921,1.51,0.562,0.754,0.225,0.52
Switzerland,679.0,CHE,,,,,,Other Europe,80.8,84.0,0.96,,HI,8.8,0.6,0.2,0.3,2.4,0.0,0.2,3.7,0.2,0.1,0.649536393,0.007490124,0.172590045,1.126134218,-2.609829847,2.473795553,3.317512252,Western Europe,7.24,2.022,1.463,0.582,0.678,0.151,0.475
Syria,64.7,SYR,0.41,Consumer_Packaging,0.4,24.7,Medium,,,,,,,,,,,,,,,,,,,,,,,,,,,,,,,
Taiwan,529.5,TWN,,,,,,,,,,,,,,,,,,,,,,,,,,,,,,,,,,,,
Tajikistan,9.16,TJK,0.22,Consumer_Packaging,3.2,22.7,Low,Middle East/Central Asia,69.7,72.0,0.69,3966.0,LI,10.0,0.3,0.1,0.2,0.3,0.0,0.1,1.1,0.2,0.1,0.005301274,0.009601452,0.104688276,0.447701438,-0.613270415,0.702530165,2.369820071,Commonwealth of Independent States,5.33,0.972,1.248,0.291,0.599,0.104,0.292
Tanzania,36.62,TZA,0.27,Consumer_Packaging,5.4,4.4,High,,,,,,,,,,,,,,,,,,,,,,,,Sub-Saharan Africa,3.694,0.836,0.787,0.214,0.607,0.234,0.269
Thailand,373.8,THA,2.41,Consumer_Packaging,17.6,34.5,High,Asia-Pacific,,79.0,0.8,18036.0,UM,70.1,0.5,0.0,0.2,1.4,0.2,0.1,2.3,0.6,0.0,0.218597139,0.183869718,0.09013437,1.143619577,-1.201624761,1.552920455,2.050720698,Southeast Asia,5.843,1.515,1.344,0.461,0.624,0.291,0.013
Timor-Leste,4.51,TLS,,,,,,Asia-Pacific,0.0,68.0,0.61,2860.0,LM,1.4,0.3,0.1,0.0,0.1,0.1,0.0,0.6,0.2,0.1,0.541295654,0.794154161,0.021591527,1.59116224,1.024141801,0.375456674,0.356356143,,,,,,,,
Togo,4.84,TGO,0.07,Consumer_Packaging,0.8,8.3,High,Africa,,62.0,0.54,2226.0,LI,8.7,0.3,0.1,0.2,0.2,0.1,0.0,0.9,0.3,0.1,0.101009487,0.016329918,0.019096604,0.553858253,-0.339253802,0.591380589,1.612528207,Sub-Saharan Africa,4.137,0.77,0.642,0.161,0.367,0.149,0.136
Tonga,0.49,TON,0.01,Consumer_Packaging,3.2,92.7,High,Asia-Pacific,0.0,71.0,0.75,5810.0,LM,0.1,,,,,,,3.1,,,,,,1.256949734,-1.833476113,2.046347766,2.45867099,,,,,,,,
Trinidad and Tobago,29.63,TTO,0.67,Consumer_Packaging,3.2,478.6,High,Central America/Caribbean,60.4,73.0,0.81,25596.0,HI,1.4,0.4,0.2,0.2,4.5,0.1,0.0,5.4,0.0,0.0,0.124025214,1.208082975,0.000993573,1.37945418,-4.01364274,3.571078026,3.909587573,,,,,,,,
Tunisia,49.12,TUN,1.03,Consumer_Packaging,4.1,85.9,High,Africa,70.7,74.0,0.73,10535.0,UM,12.0,0.1,0.1,0.2,0.9,0.1,0.0,1.4,0.4,0.1,0.031424658,0.210163693,0.025266878,0.716018316,-0.645334105,0.901429325,1.901281561,Middle East and North Africa,4.497,1.333,0.981,0.422,0.259,0.022,0.016
Turkey,813.3,TUR,3.21,Consumer_Packaging,12.1,38.5,High,,,,,,,,,,,,,,,,,,,,,,,,,,,,,,,
Turkmenistan,43.5,TKM,0.35,Consumer_Packaging,2.1,57.3,Low,Middle East/Central Asia,66.1,69.0,0.75,16151.0,LM,6.2,0.4,0.5,0.0,2.9,0.0,0.0,3.9,0.4,1.6,0.011837418,0.104249496,0.0463727,2.152708107,-1.708096742,2.556459779,1.793464165,,,,,,,,
Tuvalu,0.04,TUV,0.01,Consumer_Packaging,1.2,833.3,High,,,,,,,,,,,,,,,,,,,,,,,,,,,,,,,
Uganda,26.09,UGA,0.25,Consumer_Packaging,2.3,5.3,Low,Africa,54.9,63.0,0.53,,LI,48.4,0.3,0.1,0.4,0.1,0.1,0.0,1.0,0.3,0.1,0.008342447,0.032039474,0.033057533,0.478872706,-0.499087529,0.647563423,2.042213355,Sub-Saharan Africa,4.432,0.785,1.144,0.201,0.425,0.197,0.051
Ukraine,134.9,UKR,1.47,Consumer_Packaging,3.4,33.7,Medium,Other Europe,75.7,70.0,0.77,,LM,43.2,,,,,,,2.0,,,,,,3.0867497,1.073227971,1.333267937,0.652311306,Central and Eastern Europe,5.071,1.358,1.354,0.355,0.551,0.265,0.016
United Arab Emirates,416.4,ARE,,,,,,Middle East/Central Asia,68.8,79.0,0.91,67026.0,HI,10.1,0.8,0.6,0.6,6.5,0.3,0.0,8.7,0.0,0.0,0.061907523,0.450007816,0.0,0.543236143,-8.17159126,5.770585826,16.04242927,Middle East and North Africa,6.571,2.015,1.223,0.401,0.745,0.188,0.247
United Kingdom,2848.0,GBR,5.03,Packaging_Consumer,46.2,74.3,Low,Other Europe,80.6,81.0,0.93,47366.0,HI,68.5,0.7,0.2,0.4,2.1,0.1,0.1,3.6,0.4,0.1,0.150714141,0.286077624,0.097711509,1.020497152,-2.544799528,2.360786914,3.493686065,Western Europe,6.796,1.857,1.366,0.511,0.626,0.272,0.34
United States,17420.0,USA,42.02,Packaging_Consumer,32.1,127.5,Medium,,,,,,,,,,,,,,,,,,,,,,,,North America and ANZ,6.894,1.98,1.46,0.39,0.557,0.21,0.172
Uruguay,55.6,URY,0.95,Consumer_Packaging,35.2,272.4,Medium,South America,,75.0,0.81,22837.0,UM,3.5,0.3,0.6,0.4,0.7,0.0,0.1,2.2,1.1,4.9,1.329715171,2.190588968,0.082052832,9.557758836,7.395636352,1.431664998,0.226216472,Latin America and Caribbean,6.494,1.617,1.445,0.435,0.683,0.102,0.254
Uzbekistan,63.08,UZB,0.42,Consumer_Packaging,3.4,12.3,Low,Middle East/Central Asia,69.9,71.0,0.73,,LM,34.4,0.5,0.2,0.1,1.2,0.0,0.1,2.1,0.4,0.2,0.053231593,0.008917271,0.065883123,0.730073847,-1.377057783,1.395252408,2.886189717,Commonwealth of Independent States,6.014,1.227,1.347,0.375,0.74,0.26,0.208
Vanuatu,0.82,VUT,0.02,Consumer_Packaging,1.1,63.8,High,Asia-Pacific,0.0,70.0,0.61,2442.0,LM,0.3,,,,,,,1.8,,,,,,1.8364544,0.006197676,1.211917691,0.996625195,,,,,,,,
Venezuela,209.2,VEN,,,,,,,,,,,,,,,,,,,,,,,,,,,,,Latin America and Caribbean,5.211,0.0,1.257,0.341,0.369,0.205,0.084
Vietnam,187.8,VNM,2.54,Food_Packaging,15.3,25.8,Very_High,,,,,,,,,,,,,,,,,,,,,,,,Southeast Asia,5.763,1.349,1.212,0.381,0.741,0.134,0.122
Virgin Islands,5.08,VGB,,,,,,,,,,,,,,,,,,,,,,,,,,,,,,,,,,,,
West Bank,6.64,WBG,,,,,,,,,,,,,,,,,,,,,,,,,,,,,,,,,,,,
Yemen,45.45,YEM,0.43,Consumer_Packaging,0.3,14.2,High,Middle East/Central Asia,52.1,64.0,0.46,1780.0,LM,31.2,0.3,0.1,0.0,0.2,0.1,0.0,0.6,0.1,0.1,0.030011215,0.146865083,0.01953004,0.347502131,-0.265756229,0.406073446,1.764761437,,,,,,,,
Zambia,25.61,ZMB,0.13,Consumer_Packaging,1.8,6.9,Low,Africa,,,,,LM,19.5,0.3,0.1,0.5,0.2,0.0,0.1,1.2,0.3,0.7,0.62078114,0.016994124,0.063169875,1.651919903,0.438704985,0.803339009,0.734427206,Sub-Saharan Africa,3.982,0.914,0.89,0.095,0.545,0.189,0.08
Zimbabwe,13.74,ZWE,0.15,Consumer_Packaging,2.1,9.9,Low,Africa,,,,,LI,15.3,0.3,0.3,0.3,0.3,0.0,0.0,1.1,0.2,0.3,0.118372555,0.008839451,0.026970101,0.631495216,-0.453895888,0.718699548,1.718763779,Sub-Saharan Africa,3.204,0.758,0.881,0.069,0.363,0.112,0.117
